,Price,images
0,51.77,media/cache/2c/da/2cdad67c44b002e7ead0cc35693c0e8b.jpg
1,53.74,media/cache/26/0c/260c6ae16bce31c8f8c95daddd9f4a1c.jpg
2,50.10,media/cache/3e/ef/3eef99c9d9adef34639f510662022830.jpg
3,47.82,media/cache/32/51/3251cf3a3412f53f339e42cac2134093.jpg
4,54.23,media/cache/be/a5/bea5697f2534a2f86a3ef27b5a8c12a6.jpg
5,22.65,media/cache/68/33/68339b4c9bc034267e1da611ab3b34f8.jpg
6,33.34,media/cache/92/27/92274a95b7c251fea59a2b8a78275ab4.jpg
7,17.93,media/cache/3d/54/3d54940e57e662c4dd1f3ff00c78cc64.jpg
8,22.60,media/cache/66/88/66883b91f6804b2323c8369331cb7dd1.jpg
9,52.15,media/cache/58/46/5846057e28022268153beff6d352b06c.jpg
